Cocomelon - Nursery Rhymes,162000000,Education
Pinkfong Baby Shark - Kids' Songs & Stories,68200000,Education
ChuChu TV Nursery Rhymes & Kids Songs,65900000,Education
Infobells - Hindi,53300000,Education
BillionSurpriseToys  - Nursery Rhymes & Cartoons,52200000,Education
Little Baby Bum - Nursery Rhymes & Kids Songs,40900000,Education
Super Simple Songs - Kids Songs,39200000,Education
Genevieve's Playhouse - Learning Videos for Kids,34900000,Education
CVS 3D Rhymes & Kids Songs,33400000,Education
BabyBus - Kids Songs and Cartoons,32800000,Education
Little Angel: Nursery Rhymes & Kids Songs,30100000,Education
infobells - Tamil,28900000,Education
infobells - Telugu,28300000,Education
BabyBus - Canciones Infantiles & Videos para Niï¿½ï,22900000,Education
Khan GS Research Centre,21200000,Education
Dr. Vivek Bindra: Motivational Speaker,20900000,Education
Kurzgesagt ï¿½ï¿½ï¿½ï¿½ï¿½ï¿,20800000,Education
ýýýýýýýýýýýýýýý - Genevieve's Playhouse,20300000,Education
BabyBus - Cerita & Lagu Anak-anak,20300000,Education
Kiddiestv Hindi - Nursery Rhymes & Kids Songs,20200000,Education
ýýýýýýýýýýýýýý ýýýý,19000000,Education
Little Angel Espaï¿½ï¿½ï¿½ï¿½ï¿½ï¿½ï¿½ï¿½ï¿½,18900000,Education
TED-Ed,18800000,Education
Blippi - Educational Videos for Kids,18100000,Education
Jason Vlogs,17200000,Education
El Reino a Jugar,17200000,Education
wifistudy,16000000,Education
Dear Sir,15800000,Education
Infobells Bangla,15500000,Education
Dave and Ava - Nursery Rhymes and Baby Songs,15300000,Education
Daftar Populer,15100000,Education
TheRichest,15000000,Education
CrashCourse,14800000,Education
StudyIQ IAS,14700000,Education
Netflix Jr.,14700000,Education
infobells - Kannada,14200000,Education
Veritasium,13900000,Education
infobells,13700000,Education
JOJO TV - Hindi Stories,13600000,Education
The Infographics Show,13200000,Education
The Shiny Peanut,12900000,Education
Right to Shiksha,12800000,Education
Little Baby Bum en Espaï¿½ï,12500000,Education
TKOR,12400000,Education
Caylus,12400000,Education
