Youtuber,subscribers,category
T-Series,245000000,Music
YouTube Movies,170000000,Film & Animation
MrBeast,166000000,Entertainment
Cocomelon - Nursery Rhymes,162000000,Education
SET India,159000000,Shows
Music,119000000,nan
ýýý Kids Diana Show,112000000,People & Blogs
PewDiePie,111000000,Gaming
Like Nastya,106000000,People & Blogs
Vlad and Niki,98900000,Entertainment
Zee Music Company,96700000,Music
WWE,96000000,Sports
Gaming,93600000,nan
BLACKPINK,89800000,People & Blogs
Goldmines,86900000,Film & Animation
Sony SAB,83000000,Shows
5-Minute Crafts,80100000,Howto & Style
BANGTANTV,75600000,Music
Sports,75000000,nan
Justin Bieber,71600000,Music
HYBE LABELS,71300000,Music
Zee TV,70500000,Entertainment
Pinkfong Baby Shark - Kids' Songs & Stories,68200000,Education
Canal KondZilla,66500000,Music
ChuChu TV Nursery Rhymes & Kids Songs,65900000,Education
Shemaroo Filmi Gaane,65600000,Music
Colors TV,64600000,Shows
T-Series Bhakti Sagar,61000000,Music
Dude Perfect,59500000,Sports
Movieclips,59500000,Film & Animation
Tips Official,59300000,Music
El Reino Infantil,58400000,Music
Wave Music,58000000,Music
Aaj Tak,57600000,News & Politics
Sony Music India,57200000,Music
EminemMusic,56900000,Music
Marshmello,56400000,Entertainment
YRF,54600000,Film & Animation
LooLoo Kids - Nursery Rhymes and Children's Songs,54000000,Music
Ed Sheeran,53500000,Music
Infobells - Hindi,53300000,Education
Taylor Swift,52900000,Music
Ariana Grande,52700000,Music
BillionSurpriseToys  - Nursery Rhymes & Cartoons,52200000,Education
JuegaGerman,48100000,Gaming
Billie Eilish,47900000,Music
Get Movies,47500000,Entertainment
Shemaroo,47400000,Entertainment
Badabun,46800000,Entertainment
SonyMusicIndiaVEVO,46600000,Music
A4,46300000,Gaming
Bad Bunny,46100000,Music
Fernanfloo,46100000,Gaming
Voot Kids,45500000,Entertainment
Felipe Neto,45200000,Entertainment
Vocï¿½ï¿½ï¿½,44700000,Entertainment
HAR PAL GEO,44600000,Entertainment
BRIGHT SIDE,44500000,Howto & Style
Katy Perry,44200000,Music
whinderssonnunes,44200000,Comedy
ABS-CBN Entertainment,44200000,People & Blogs
Alan Walker,43700000,Music
HolaSoyGerman.,43600000,Entertainment
Shakira,43500000,People & Blogs
ýýýýýýýý ýý ýýýýýýýýýýýýýý,43200000,Film & Animation
ARY Digital HD,43200000,Entertainment
Speed Records,42500000,Music
Masha and The Bear,42400000,Shows
Like Nastya Show,42400000,Entertainment
Rihanna,41900000,Entertainment
Ishtar Music,41400000,Trailers
Kimberly Loaiza,41300000,People & Blogs
Little Baby Bum - Nursery Rhymes & Kids Songs,40900000,Education
Luisito Comunica,40600000,Comedy
elrubiusOMG,40400000,Gaming
Toys and Colors,40300000,Entertainment
shfa2 - ï¿½ï¿½,39700000,People & Blogs
LUCCAS NETO - LUCCAS TOON,39400000,People & Blogs
CarryMinati,39200000,Comedy
XXXTENTACION,39200000,Music
Super Simple Songs - Kids Songs,39200000,Education
Mikecrack,39100000,Gaming
WorkpointOfficial,39000000,Entertainment
GR6 EXPLODE,38900000,Music
TEDx Talks,38600000,Nonprofits & Activism
shfa,38400000,People & Blogs
Goldmines Gaane Sune Ansune,38300000,Music
One Direction,38200000,Music
TheEllenShow,38200000,Entertainment
Sony PAL,38200000,Shows
Daddy Yankee,38000000,Music
Vlad vï¿½ï¿½ï,37900000,nan
Like Nastya ESP,37600000,Entertainment
ýýýýýýýýýýýý one31,37500000,Entertainment
Jkk Entertainment,37200000,Comedy
ABP NEWS,37000000,People & Blogs
Maria Clara & JP,37000000,People & Blogs
Bruno Mars,36700000,Music
Maroon 5,36600000,Music
Ultra Bollywood,36600000,Trailers
PowerKids TV,36500000,Film & Animation
YouTube,36300000,News & Politics
News,36300000,nan
Ozuna,36200000,Music
MrBeast Gaming,36100000,Gaming
La Granja de Zenï¿½,35700000,Music
Saregama Music,35500000,Entertainment
IndiaTV,35500000,News & Politics
T-Series Bollywood Classics,35400000,Music
Total Gaming,35400000,Gaming
Markiplier,35200000,Gaming
Ryan's World,35200000,Entertainment
Genevieve's Playhouse - Learning Videos for Kids,34900000,Education
T-Series Apna Punjab,34600000,Music
Techno Gamerz,34400000,Gaming
Geet MP3,34300000,Music
J Balvin,34100000,Music
Jess No Limit,34000000,Entertainment
Jingle Toons,34000000,Film & Animation
VEGETTA777,33800000,Gaming
Galinha Pintadinha,33800000,Film & Animation
SSSniperWolf,33700000,Gaming
Desi Music Factory,33700000,Music
Selena Gomez,33600000,Film & Animation
Rajshri,33500000,Music
Ch3Thailand,33500000,Entertainment
KHANDESHI MOVIES,33500000,Comedy
NoCopyrightSounds,33400000,Music
CVS 3D Rhymes & Kids Songs,33400000,Education
Ricis Official,33300000,People & Blogs
BabyBus - Kids Songs and Cartoons,32800000,Education
Eros Now Music,32700000,Entertainment
BETER Bï¿½ï¿½,32700000,nan
DisneyMusicVEVO,32700000,Music
The Weeknd,32600000,Music
WowKidz,32200000,Film & Animation
KAROL G,32100000,Music
Mr Bean,32100000,Shows
rezendeevil,32100000,Gaming
StarPlus,32000000,Entertainment
SMTOWN,31900000,Music
GMA  Network,31900000,Entertainment
GENIAL,31800000,Howto & Style
MR. INDIAN HACKER,31700000,Science & Technology
Worldwide Records Bhojpuri,31700000,Music
DONA ï¿½ï¿½,31700000,Entertainment
Dream,31700000,Gaming
Lucas and Marcus,31600000,Entertainment
JustinBieberVEVO,31600000,Music
Luis Fonsi,31400000,Entertainment
Peppa Pig - Official Channel,31400000,Film & Animation
YOLO AVENTURAS,31200000,People & Blogs
The Tonight Show Starring Jimmy Fallon,31200000,Comedy
TheDonato,31200000,Entertainment
ImagineDragons,30700000,Music
Diana and Roma ESP,30700000,nan
Round2hell,30700000,Comedy
Zee News,30500000,News & Politics
AboFlah,30500000,Gaming
AH,30400000,Entertainment
Trap Nation,30400000,Music
ýýýýýýýýýýýýýýý ýýýýýý ýýýýýýýýýýýýýýýýýý,30400000,nan
Boram Tube Vlog [ï¿½ï¿½ï¿½ï¿½ï¿½ï¿½ï¿½ï¿½ï¿,30300000,Entertainment
Adele,30200000,Music
Talking Tom,30200000,Comedy
ýýýýýýýý ýýýýýýýý ýýýýýýýýýý | toyoraljanahtv,30200000,Entertainment
Frost Diamond,30100000,Gaming
Spinnin' Records,30100000,Music
Little Angel: Nursery Rhymes & Kids Songs,30100000,Education
jacksepticeye,30100000,Gaming
Shawn Mendes,30000000,Music
ashish chanchlani vines,29800000,Comedy
Ultra Records,29600000,Music
Popular on YouTube,29300000,nan
Maluma,29300000,Music
Zhong,29200000,Entertainment
Enaldinho,29200000,Comedy
AuronPlay,29200000,Comedy
Shorts Break,29000000,Comedy
infobells - Tamil,28900000,Education
Aditya Music India,28500000,Music
The Late Late Show with James Corden,28400000,Entertainment
Aditya Movies,28400000,Movies
Masha y el Oso,28300000,Film & Animation
infobells - Telugu,28300000,Education
HUM TV,28300000,Entertainment
Shemaroo Movies,28200000,Entertainment
Michael Jackson,28200000,Music
Drake,28100000,Music
Goldmines Dishoom,28000000,Film & Animation
Sandeep Maheshwari,27800000,People & Blogs
Bounce Patrol - Kids Songs,27800000,Music
toycantando,27700000,Music
MrBeast 2,27500000,People & Blogs
Wiz Khalifa,27500000,Music
JYP Entertainment,27400000,Music
ýýý Kids Roma Show,27400000,People & Blogs
DanTDM,27400000,Gaming
Nick Jr.,27300000,Film & Animation
Crazy XYZ,27300000,Entertainment
ToyPuddingTV,27100000,Entertainment
Dushyant kukreja,27100000,Entertainment
Gulshan Kalra,27100000,Howto & Style
Brent Rivera,27000000,Comedy
Renato Garcia YT,26900000,Entertainment
Beast Reacts,26700000,People & Blogs
enchufetv,26700000,Comedy
Netflix,26700000,Entertainment
Raffy Tulfo in Action,26500000,News & Politics
WORLDSTARHIPHOP,26500000,Music
Goldmines Bollywood,26400000,Film & Animation
Alan Chikin Chow,26400000,Comedy
PANDA BOI,26400000,Entertainment
BB Ki Vines,26300000,Entertainment
D Billions,26200000,nan
Junya.ï¿½ï¿½ï¿½ï¿½,26200000,Entertainment
Smosh,26100000,Comedy
1MILLION Dance Studio,26100000,Entertainment
NichLmao,26000000,People & Blogs
Beyoncï¿,26000000,Music
Marï¿½ï¿½ï¿½ï¿½ï¿½,26000000,Music
Indosiar,25900000,Music
VanossGaming,25800000,Gaming
David Guetta,25700000,Music
LosPolinesios,25700000,People & Blogs
Nicki Minaj,25700000,Music
Fede Vigevani,25600000,Howto & Style
TaylorSwiftVEVO,25600000,Music
ZHC,25500000,Film & Animation
Post Malone,25500000,Music
Rans Entertainment,25400000,People & Blogs
LankyBox,25400000,Comedy
Coldplay,25300000,Music
Las Ratitas,25200000,People & Blogs
WB Kids,25200000,People & Blogs
ABPLIVE,25200000,People & Blogs
Chris Brown,25200000,Music
The Lallantop,25200000,News & Politics
RihannaVEVO,25100000,Music
WatchMojo.com,25100000,Music
TRANS7 OFFICIAL,25000000,Entertainment
Anuel AA,25000000,Music
Dan Rhodes,24800000,Entertainment
Yuya,24800000,Howto & Style
America's Got Talent,24800000,Entertainment
mujjuu___14,24800000,People & Blogs
EminemVEVO,24700000,Music
Chloe Ting,24700000,Howto & Style
KatyPerryVEVO,24600000,Music
Mark Rober,24600000,Science & Technology
1theK (ï¿½ï¿½ï¿½ï¿½ï,24500000,Music
Like Nastya AE,24400000,Entertainment
Amit Bhadana,24300000,Entertainment
Pen Movies,24300000,Film & Animation
MrBeast en Espaï¿½ï,24200000,Entertainment
shfa show India,24200000,nan
Super JoJo - Nursery Rhymes & Kids Songs,24100000,nan
Alejo Igoa,24100000,Comedy
Daniel LaBelle,24100000,Comedy
netd mï¿½ï¿,24100000,Music
DJ Snake,24100000,Music
Diana and Roma ARA,24100000,nan
KSI,24100000,Entertainment
Spider Slack,24000000,Comedy
Goldmines Movies,24000000,Film & Animation
Preston,24000000,Gaming
James Charles,23900000,Entertainment
Collins Key,23900000,Entertainment
Diana and Roma EN,23900000,People & Blogs
Venus Entertainment,23800000,Entertainment
Troom Troom,23800000,Howto & Style
Enrique Iglesias,23800000,Music
Ninja,23700000,Gaming
FaZe Rug,23700000,Gaming
Mister Max,23700000,People & Blogs
That Little Puff,23700000,Pets & Animals
NickyJamTV,23600000,Music
Juan De Dios Pantoja,23600000,Entertainment
Logan Paul,23600000,Entertainment
Maya and Mary,23600000,Entertainment
Peppa Pig Espaï¿½ï¿½ï¿½ï¿½ï¿½ï¿½ï¿½ï¿½ï¿½,23600000,Film & Animation
Jelly,23500000,Gaming
Miss Katy,23500000,People & Blogs
Tilak,23400000,Film & Animation
Valentina Pontes ofc,23400000,Film & Animation
Sesame Street,23300000,Entertainment
Happy Lives,23200000,Science & Technology
Lady Gaga,23200000,People & Blogs
Akshay Nagwadiya,23200000,Entertainment
Wave Music Bhojpuri,23100000,Music
GMM GRAMMY OFFICIAL,23100000,Music
TED,23100000,People & Blogs
unknown boy varun,23100000,Music
Kids TV - Nursery Rhymes And Baby Songs,23100000,Shows
Tsuriki Show,23000000,Entertainment
Technical Guruji,23000000,Science & Technology
DrossRotzank,23000000,Entertainment
White Hill Music,23000000,Entertainment
Ultra Movie Parlour,22900000,Movies
Alan Becker,22900000,Film & Animation
toyorbabytv,22900000,Music
BabyBus - Canciones Infantiles & Videos para Niï¿½ï,22900000,Education
KL BRO Biju Rithvik,22800000,Entertainment
Vania Mania Kids,22700000,People & Blogs
Like Nastya PRT,22700000,Entertainment
Sun TV,22600000,People & Blogs
Heroindori,22600000,Comedy
The Chainsmokers,22600000,Music
mmoshaya,22600000,People & Blogs
Sia,22600000,Music
LeoNata Family,22600000,People & Blogs
Goldmines Cineplex,22500000,Film & Animation
Vlad and Niki Arabic,22500000,nan
SSundee,22500000,Gaming
Paulo Londra,22400000,Music
Smile Family,22300000,People & Blogs
FGTeeV,22300000,Gaming
Kinder Spielzeug Kanal (Kidibli),22200000,Entertainment
Charlie Puth,22000000,Music
Vlad and Niki ESP,22000000,nan
Sagawa /ï¿½ï¿½ï¿½,22000000,Entertainment
Ben Azelart,21900000,Film & Animation
Zach Choi ASMR,21900000,People & Blogs
Topper Guild,21900000,Comedy
Disney Latinoamï¿½ï¿½,21900000,Entertainment
Stokes Twins,21800000,People & Blogs
National Geographic,21800000,Science & Technology
Dua Lipa,21800000,Music
OneDirectionVEVO,21800000,Music
Rotana,21800000,Music
Netflix India,21800000,People & Blogs
Sourav Joshi Vlogs,21700000,People & Blogs
ZAMZAM ELECTRONICS TRADING,21700000,nan
DUDU e CAROL,21600000,Autos & Vehicles
Village Cooking Channel,21600000,Howto & Style
Eva Bravo Play,21600000,Entertainment
Tekashi 6ix9ine,21500000,People & Blogs
Tlnovelas,21500000,News & Politics
SMOL,21500000,People & Blogs
invictor,21500000,Gaming
YOLO,21400000,Comedy
Sidhu Moose Wala,21400000,Music
The Royalty Family,21300000,People & Blogs
Becky G,21300000,Music
Ishaan Ali 11,21300000,People & Blogs
Infinite,21300000,Entertainment
Azhan5star,21300000,Entertainment
Dangal TV Channel,21300000,Entertainment
Khan GS Research Centre,21200000,Education
GMA Public  Affairs,21200000,Entertainment
Tasty,21100000,Howto & Style
Baim Paula,21100000,People & Blogs
nigahiga,21000000,Entertainment
Rafa & Luiz,21000000,Entertainment
Lyrical Lemonade,21000000,Entertainment
Vlad and Niki IDN,21000000,nan
Dr. Vivek Bindra: Motivational Speaker,20900000,Education
Fatos Desconhecidos,20900000,Entertainment
Brave Wilderness,20900000,Pets & Animals
LIV Crime,20900000,People & Blogs
Minecraft - Topic,20900000,nan
Romeo Santos,20900000,Music
Canal Canalha,20800000,Comedy
Kurzgesagt ï¿½ï¿½ï¿½ï¿½ï¿½ï¿,20800000,Education
Yoeslan,20700000,Entertainment
5-Minute Crafts DIY,20700000,Howto & Style
Zach King,20700000,Entertainment
tuzelity SHUFFLE,20700000,People & Blogs
NBA,20700000,Sports
Deddy Corbuzier,20600000,Entertainment
Bizarrap,20600000,Comedy
Avicii,20600000,Music
Mnet K-POP,20500000,Entertainment
LazarBeam,20500000,Gaming
Ninja Kidz TV,20500000,Entertainment
Totoy kids - Portuguï¿½,20400000,Film & Animation
Jake Paul,20400000,People & Blogs
Linkin Park,20400000,Music
Vijay Television,20400000,Entertainment
SlivkiShow,20400000,Entertainment
Emiway Bantai,20400000,Music
Got Talent Global,20300000,Entertainment
ýýýýýýýýýýýýýýý - Genevieve's Playhouse,20300000,Education
BabyBus - Cerita & Lagu Anak-anak,20300000,Education
Ami Rodriguez,20200000,Entertainment
Noor Stars,20200000,Comedy
Family GamesTV,20200000,Entertainment
Kiddiestv Hindi - Nursery Rhymes & Kids Songs,20200000,Education
dednahype,20200000,Comedy
Marta and Rustam,20200000,Comedy
MiawAug,20200000,Gaming
CookieSwirlC,20100000,Entertainment
Skrillex,20100000,Music
AuthenticGames,20100000,Gaming
Robin Hood Gamer,20100000,Entertainment
Pencilmation,20100000,Film & Animation
7clouds,20100000,Music
5-Minute Crafts PLAY,20100000,Howto & Style
Marvel Entertainment,20100000,Entertainment
BuzzFeedVideo,20100000,People & Blogs
REACT,20000000,Entertainment
Vevo,20000000,Music
Gordon Ramsay,20000000,Entertainment
Pentatonix,20000000,Music
Green Gold TV - Official Channel,20000000,Film & Animation
Gusttavo Lima Oficial,19900000,Music
HaerteTest,19800000,Science & Technology
Crafty Panda,19800000,People & Blogs
SOMOY TV,19800000,News & Politics
JennaMarbles,19700000,Comedy
Troom Troom Es,19700000,People & Blogs
Official Pink Panther,19700000,Film & Animation
Britain's Got Talent,19700000,Entertainment
SCTV,19700000,Entertainment
AS Gaming,19600000,Gaming
Sony AATH,19600000,Shows
tabii Urdu,19600000,Entertainment
DaFuq!?Boom!,19600000,Film & Animation
Clash of Clans,19600000,Gaming
RKD Studios,19500000,Entertainment
DLS News,19400000,News & Politics
JukiLop,19400000,People & Blogs
etvteluguindia,19400000,Entertainment
FIFA,19400000,Sports
Manoj  parihar,19300000,nan
Vsauce,19300000,Science & Technology
Unbox Therapy,19300000,Science & Technology
shane,19200000,People & Blogs
Sonotek,19200000,Entertainment
Jimmy Kimmel Live,19100000,Entertainment
TheOdd1sOut,19100000,Comedy
Goldmines Great Indian Comedy,19100000,Film & Animation
Lil Nas X,19100000,Music
ýýýýýýýýýýýýýý ýýýý,19000000,Education
SUPER SLICK SLIME SAM,19000000,Howto & Style
Wow Kidz Action,19000000,Film & Animation
Turma da Mï¿½ï¿½,19000000,Film & Animation
Calvin Harris,19000000,Music
KBS WORLD TV,19000000,Entertainment
HiMan,18900000,People & Blogs
Masha e o Urso,18900000,Shows
Little Angel Espaï¿½ï¿½ï¿½ï¿½ï¿½ï¿½ï¿½ï¿½ï¿½,18900000,Education
TED-Ed,18800000,Education
Sidemen,18800000,Entertainment
Cardi B,18800000,People & Blogs
Busy Fun Ltd,18800000,nan
Farruko,18800000,Music
ýýýýýýýýýýýýýýýýýýýýýý,18800000,Entertainment
Triggered Insaan,18800000,Comedy
CKN,18700000,Entertainment
Ali-A,18700000,Gaming
Shemaroo Comedy,18600000,Entertainment
Smile Family Spanish,18600000,nan
GRAMMY GOLD OFFICIAL,18600000,Music
ýýýýýýýý ýýýýýýýýýý ýýýýýýýýýý | Arab Games Network,18600000,Gaming
Dan-Sa / Daniel Saboya,18500000,Music
Marmok,18500000,Gaming
The ACE Family,18500000,People & Blogs
Like Nastya Vlog,18500000,People & Blogs
Willie Salim,18500000,People & Blogs
PDK Films,18400000,Entertainment
TheWillyrex,18400000,Comedy
RsiamMusic : ï¿½ï¿½ï¿½ï¿½ï¿½ï¿½ï¿½ï¿½,18400000,Music
Dhar Mann,18400000,People & Blogs
shakiraVEVO,18400000,Music
Naisa Alifia Yuriza (N.A.Y),18300000,People & Blogs
Miley Cyrus,18300000,Entertainment
IShowSpeed,18300000,Gaming
Good Mythical Morning,18300000,Entertainment
Bobby chourasiya,18200000,People & Blogs
INCRï¿½ï¿,18200000,People & Blogs
Jake Fellman,18100000,Entertainment
GEN HALILINTAR,18100000,Entertainment
SQUEEZIE,18100000,Gaming
Blippi - Educational Videos for Kids,18100000,Education
officialpsy,18100000,Music
Ajay Sharma,18100000,Entertainment
Manual do Mundo,18000000,Howto & Style
How Ridiculous,18000000,Sports
And TV,18000000,Entertainment
Sebastiï¿½ï¿½ï¿½,18000000,News & Politics
SonyMusicSouthVEVO,18000000,Music
TheGrefg,18000000,Gaming
BeatboxJCOP,18000000,Film & Animation
David Dobrik,17900000,People & Blogs
KatieAngel,17900000,People & Blogs
RobleisIUTU,17900000,Entertainment
Lele Pons,17900000,Comedy
Demi Lovato,17900000,Music
Like Nastya VNM,17900000,Entertainment
Jason Derulo,17900000,Music
MGC Playhouse,17900000,Shows
Zuni and Family,17900000,People & Blogs
Priyal Kukreja,17800000,People & Blogs
MSA previously My Story Animated,17800000,Film & Animation
ýýýýýýýýý KIMPRO,17700000,nan
Jane ASMR ï¿½ï¿½,17700000,nan
ArianaGrandeVevo,17700000,Music
jaanvi patel,17700000,People & Blogs
tanboy kun,17700000,People & Blogs
Lil Pump,17700000,Music
Porta dos Fundos,17700000,Entertainment
News 24,17700000,News & Politics
Les' Copaque Production,17700000,Film & Animation
El Payaso Plim Plim,17700000,Film & Animation
zbing z.,17600000,Gaming
MissaSinfonia,17600000,Comedy
ýýýýýýýýý Liziqi,17600000,Howto & Style
The Game Theorists,17600000,Gaming
DeGoBooM,17600000,Gaming
JFlaMusic,17600000,Music
FactTechz,17500000,Entertainment
News18 India,17500000,News & Politics
Fun For Kids TV - Hindi Rhymes,17500000,Entertainment
IGN,17500000,Gaming
Aphmau,17400000,Gaming
AMARINTV : ï¿½ï¿½ï¿½ï¿½ï¿½ï¿½ï¿½ï¿½ï¿½ï¿½ï¿½ï¿½,17400000,Entertainment
ýýýýýýýýýýýýýýýý - Al-Remas,17400000,Music
Koray Zeynep,17400000,People & Blogs
Apple,17300000,Science & Technology
Stubborn Facts,17300000,Film & Animation
Taarak Mehta Ka Ooltah Chashmah,17300000,Entertainment
HowToBasic,17300000,Howto & Style
PopularMMOs,17200000,Gaming
Marques Brownlee,17200000,Science & Technology
Anitta,17200000,Music
Jason Vlogs,17200000,Education
El Reino a Jugar,17200000,Education
Willyrex,17200000,Gaming
TheBrianMaps,17100000,Comedy
TRANS TV Official,17100000,Entertainment
Liza Koshy,17100000,Comedy
Queen Official,17000000,Music
Prajapati News,17000000,Comedy
Gaby and Alex,17000000,Entertainment
LuisFonsiVEVO,17000000,Music
Pop Chartbusters,16900000,Music
Guava Juice,16900000,Gaming
EeOneGuy,16900000,Entertainment
VICE,16900000,Entertainment
Aayu and Pihu Show,16900000,Comedy
Danny Fitt,16900000,People & Blogs
Bispo Bruno Leonardo,16900000,Nonprofits & Activism
DeToxoMoroxo,16800000,Entertainment
Doggy Doggy Cartoons,16800000,Entertainment
deepesh zo,16800000,People & Blogs
Like Nastya IDN,16800000,Entertainment
Gato Galactico | GALï¿½ï¿,16800000,Film & Animation
Salman Noman,16700000,Entertainment
CoryxKenshin,16700000,Gaming
With Kids[ï¿½ï¿½ï¿½ï¿½ï,16700000,Entertainment
Travis Scott,16700000,Music
Tu COSMOPOLIS,16700000,People & Blogs
Ivana Alawi,16600000,nan
Werever2morro,16600000,Entertainment
IDEAS EN 5 MINUTOS,16600000,Howto & Style
NMF News,16600000,News & Politics
SriBalajiMovies,16600000,Entertainment
Lahari Music - TSeries,16600000,Music
Younes Zarou,16600000,Entertainment
Jordan Matter,16600000,Entertainment
ýýýýýýýý ýýýýýýýýýýýýýýýýýýýýýý,16500000,Entertainment
FailArmy,16500000,Comedy
BBC News Hindi,16500000,News & Politics
FunFun Toy Doll TV,16500000,Entertainment
Sandra Cires Art,16400000,Howto & Style
Kaykai Salaider,16400000,Comedy
UFC - Ultimate Fighting Championship,16400000,Sports
Ch7HD,16400000,Entertainment
RCTI - LAYAR DRAMA INDONESIA,16400000,Entertainment
Alfredo Larin,16400000,Entertainment
GMMTV OFFICIALï¿½ï¿½,16400000,Entertainment
Matt Stonie,16300000,Entertainment
Boyce Avenue,16300000,Music
Camila Cabello,16300000,Music
Little Mix,16300000,Music
SAM SMITH,16300000,Music
Pitbull,16300000,Music
Bollywood Classics,16300000,Entertainment
Technoblade,16300000,Gaming
W2S,16300000,Gaming
Jennifer Lopez,16200000,Music
Kids Play,16200000,Entertainment
T3ddy,16200000,Comedy
JJ Olatunji,16200000,Gaming
POPS Kids,16200000,Music
Thairath Online,16200000,News & Politics
LEGO,16200000,Entertainment
XO TEAM,16200000,People & Blogs
AdMe,16200000,Entertainment
ExtraPolinesios,16200000,People & Blogs
Dyland PROS,16100000,Entertainment
Live,16100000,nan
Vlad and Niki ARA,16100000,nan
Canal IN,16100000,People & Blogs
TWICE,16100000,Music
Daily Dose Of Internet,16100000,Entertainment
FitDance,16100000,Music
Panda Shorts,16100000,nan
Disney Junior,16100000,Entertainment
La Rosa de Guadalupe,16100000,Entertainment
sagar kalra (Shorts),16000000,People & Blogs
wifistudy,16000000,Education
Antrax,16000000,Gaming
Enes Batur,16000000,Gaming
Totoy kids - Espaï¿½ï,16000000,Film & Animation
ýýýýýýýýýý,15900000,People & Blogs
DopeLyrics,15900000,Music
jeffreestar,15900000,Howto & Style
Lyna,15900000,Gaming
MK MUSIC,15900000,Music
Unspeakable,15900000,Gaming
Camilo,15900000,Music
Dear Sir,15800000,Education
Narendra Modi,15800000,News & Politics
Arif muhammad,15800000,People & Blogs
Rotten Tomatoes Trailers,15800000,Film & Animation
Volga Video,15700000,Film & Animation
DM - Desi Melodies,15700000,Music
MY FAMILY,15700000,nan
Team Films Bhojpuri,15700000,Music
Zee Music Classic,15700000,Music
Prime Video India,15700000,Entertainment
Caeli YT,15600000,Entertainment
Kuplinov ï¿½ï¿½ï¿,15600000,Gaming
Linus Tech Tips,15600000,Science & Technology
Juliana Baltar,15600000,Entertainment
5-Minute Crafts FAMILY,15600000,People & Blogs
Blippi Espaï¿½ï,15500000,People & Blogs
Super Senya,15500000,Entertainment
Katakit Baby TV,15500000,Music
Infobells Bangla,15500000,Education
ýýýýýýýý ýý ýýýýýýýý,15500000,Shows
Henrique e Juliano,15500000,Music
Mr DegrEE,15500000,Science & Technology
Kashvi Adlakha,15500000,Entertainment
Talking Tom & Friends,15500000,Entertainment
ýýýýýýýý ýýýýýýýýýýýýýý ýýýý 5 ýýýýýýýýýý,15500000,Howto & Style
Harsh Beniwal,15400000,Comedy
FFUNTV,15400000,Gaming
Mobile Legends: Bang Bang,15400000,Gaming
Roman Atwood Vlogs,15400000,People & Blogs
Mrwhosetheboss,15400000,Science & Technology
Genierock,15400000,Music
zayn,15400000,Music
Kerajinan 5-Menit,15400000,People & Blogs
FC Barcelona,15300000,Sports
Dave and Ava - Nursery Rhymes and Baby Songs,15300000,Education
LOKESH GAMER,15300000,Gaming
ILYA BORZOV,15300000,People & Blogs
Mazhavil Manorama,15300000,Entertainment
Pokï¿½ï¿½ï¿½ï¿½ï¿½ï¿½ï¿½ï¿½ï¿½,15200000,People & Blogs
The MriDul,15200000,Comedy
Niana Guerrero,15200000,Entertainment
SRK MUSIC,15200000,Music
Sony LIV,15200000,Entertainment
T-Series Hamaar Bhojpuri,15200000,Entertainment
Oyuncak Avï¿,15200000,Entertainment
CNN,15200000,News & Politics
NDTV India,15200000,News & Politics
It's Mamix,15100000,People & Blogs
Kim Loaiza,15100000,Music
Daftar Populer,15100000,Education
Musas,15100000,Howto & Style
Ranz Kyle,15100000,People & Blogs
PowerfulJRE,15100000,People & Blogs
Mariale,15100000,Howto & Style
Makiman131,15100000,Gaming
Hongyu ASMR ï¿½ï¿½,15100000,People & Blogs
Mohamed Ramadan I ï¿½ï¿½ï¿½ï¿½ï¿½ï¿½ï,15100000,People & Blogs
EdisonPts,15100000,Gaming
BIGBANG,15100000,Music
Rubï¿½ï¿½ï¿½ï¿½ï¿½ï¿½,15100000,Comedy
ABS-CBN News,15100000,News & Politics
Chapitosiki,15100000,Entertainment
AdeleVEVO,15100000,Music
MoreAliA,15000000,Gaming
Chetan Monga Vlogs,15000000,People & Blogs
Little Angel - Mï¿½ï¿½ï¿½ï¿½ï¿½ï¿½ï¿½ï¿½ï¿½ï¿½,15000000,Entertainment
League of Legends,15000000,Gaming
TheRichest,15000000,Education
XpressTV,15000000,Entertainment
PlayStation,15000000,Gaming
Kwebbelkop,15000000,Gaming
Republic Bharat,15000000,News & Politics
THE BROWN SIBLINGS,15000000,Entertainment
Sony Music South,15000000,Music
BigSchool,15000000,Gaming
Ray William Johnson,15000000,Entertainment
KOMPASTV,15000000,News & Politics
ISSEI / ï¿½ï¿½ï¿½ï¿½,15000000,Comedy
Zï¿½ï¿½ï¿½ï¿½ï¿½ï¿½ï,15000000,Music
A2 Motivation by Arvind Arora,15000000,Entertainment
50 Cent,14900000,Music
MNCTV OFFICIAL,14900000,Entertainment
ERB,14900000,Entertainment
melanie martinez,14900000,Music
iTownGamePlay *Terror&Diversiï¿½ï,14900000,Entertainment
ýýýýýýýýýýýý8 : Thai Ch8,14900000,Entertainment
ZutiGang,14900000,People & Blogs
ýýýýýý,14900000,People & Blogs
TazerCraft,14900000,Gaming
Bayashi TV,14900000,Entertainment
Fueled By Ramen,14800000,Music
CrashCourse,14800000,Education
MattyBRaps,14800000,Music
Lachlan,14800000,Gaming
ýýýýýýýý ýýýýýýýý,14800000,Howto & Style
Meghan Trainor,14800000,People & Blogs
Jorge & Mateus Oficial,14800000,Music
Major Lazer Official,14800000,Music
Beast Philanthropy,14800000,People & Blogs
Filaretiki,14800000,nan
5-Minute Crafts Recycle,14800000,People & Blogs
ýýýýýýýýýý ýýýýýýýýýýýý,14700000,Entertainment
Maha Fun Tv,14700000,Entertainment
Canal Nostalgia,14700000,Entertainment
The Slow Mo Guys,14700000,Entertainment
StudyIQ IAS,14700000,Education
Chad Wild Clay,14700000,Comedy
CollegeHumor,14700000,Comedy
Netflix Jr.,14700000,Education
Colors Rishtey,14700000,Entertainment
ABC News,14700000,News & Politics
Camila Loures,14700000,Music
Doc Tops,14600000,Entertainment
Auron,14600000,People & Blogs
Jesser,14600000,Gaming
Planeta das Gï¿½ï¿½,14600000,People & Blogs
PrestonPlayz,14600000,Gaming
Martin Garrix,14600000,Music
O Reino Infantil,14600000,Music
Fifth Harmony,14600000,Music
Mis Pastelitos,14600000,Howto & Style
Noman Official,14600000,Comedy
LEGENDA FUNK,14500000,Music
Like Nastya Stories,14500000,Entertainment
les boys tv2,14500000,Entertainment
Lotus Music,14500000,nan
IDEIAS INCRï¿½ï¿½,14500000,Howto & Style
Reaction Time,14500000,Entertainment
BBC News,14500000,News & Politics
Eli Kids - Cartoons & Songs,14500000,nan
Boram Tube ToysReview [ï¿½ï¿½ï¿½ï¿½ï¿½ï¿½ï¿½ï¿½ï¿,14500000,People & Blogs
Aadishakti Films,14500000,Music
Telemundo,14500000,Entertainment
GMM25Thailand,14500000,Entertainment
TV9 Bharatvarsh,14500000,People & Blogs
Maroon5VEVO,14500000,Music
Saad Lamjarred | ï¿½ï¿½ï¿½ï¿½ï¿½ï¿,14500000,Music
Hear This Music,14500000,Music
Lilly Singh,14500000,Comedy
ýýýýýýýýýýýýýýýýýýýýý,14400000,Entertainment
Gyan Gamingï¿½,14400000,Gaming
Drawblogs,14400000,Entertainment
NOBRU,14400000,Gaming
ýýýýýýýýýýýý ýýýýýýýýýýýý I ýýýýýý ýý ýýýýýýýýýý,14400000,Entertainment
Cyprien,14400000,Comedy
Rclbeauty101,14400000,Comedy
Coke Studio,14400000,Music
Indore Physical Academy,14400000,People & Blogs
Rosanna Pansino,14400000,Howto & Style
Harry Styles,14400000,People & Blogs
Vlad and Niki PRT,14400000,nan
RS 1313 SHORTS,14400000,Entertainment
Zig & Sharko,14400000,Film & Animation
SelenaGomezVEVO,14400000,Music
ZEE5,14400000,Entertainment
Super Polina,14300000,People & Blogs
Rebecca Zamolo,14300000,Comedy
Wish 107.5,14200000,Music
Invento na Hora,14200000,Film & Animation
SIS vs BRO,14200000,Entertainment
NikkieTutorials,14200000,Howto & Style
TommyInnit,14200000,Gaming
E-MasterSensei,14200000,Gaming
infobells - Kannada,14200000,Education
Crazy Frog,14200000,Music
The Dodo,14200000,Pets & Animals
SEVENGERS,14200000,Comedy
Zee Bangla,14200000,Entertainment
DangMattSmith,14200000,Entertainment
Neha Kakkar,14100000,Music
#Refugio Mental,14100000,Entertainment
ýýýýýýýýýýýýýýýýýýýý ýýýýýýýýýýýýýýýýýýýý,14100000,Entertainment
Trap City,14100000,Music
Supercar Blondie,14100000,Autos & Vehicles
Yudist Ardhana,14100000,Entertainment
Lana Del Rey,14100000,Music
MalumaVEVO,14100000,Music
F2Freestylers - Ultimate Soccer Skills Channel,14100000,Sports
Bie The Ska,14100000,Entertainment
AM3NlC,14000000,Gaming
Narins Beauty,14000000,Howto & Style
TV Ana Emilia,14000000,People & Blogs
ýýýýýýýýýýýý,14000000,Gaming
Luli Pampï¿½,14000000,Music
Gallina Pintadita,14000000,Music
ViralHog,14000000,People & Blogs
ETV Jabardasth,14000000,People & Blogs
Zee Telugu,14000000,Entertainment
Crescendo com Luluca,14000000,Entertainment
Jazzghost,13900000,Gaming
karameeshchannel,13900000,Entertainment
Darkar Company Studios,13900000,Film & Animation
Dental Digest,13900000,People & Blogs
T-Series Regional,13900000,Entertainment
ADEL et SAMI,13900000,Entertainment
Jamuna TV,13900000,News & Politics
Atlantic Records,13900000,Music
ýýýýýýýý ýý ýýýýýýýýýýýý,13900000,nan
Veritasium,13900000,Education
Alexa Rivera,13900000,Howto & Style
Airrack,13800000,Entertainment
Hacksmith Industries,13800000,Science & Technology
JD Pantoja,13800000,People & Blogs
ýýýýýýýý/Atro,13800000,Gaming
123 GO! Spanish,13800000,People & Blogs
Geo News,13800000,News & Politics
Kids TV India Hindi Nursery Rhymes,13800000,Shows
Think Music India,13800000,Music
O Que Nï¿½ï¿½ï¿½ï¿½ï¿½ï¿,13700000,Comedy
Goldmines Premiere,13700000,Entertainment
MAIKI021,13700000,Entertainment
The Vishal bhatt,13700000,Comedy
NishaMadhulika,13700000,Howto & Style
MyMissAnand,13700000,People & Blogs
FAPTV,13700000,Comedy
Wesley Safadï¿½,13700000,Music
infobells,13700000,Education
Desi Gamers,13700000,Gaming
Acenix,13600000,Gaming
Zeinab Harake,13600000,nan
DALLMYD,13600000,Sports
Lindsey Stirling,13600000,Music
JOJO TV - Hindi Stories,13600000,Education
BBC,13600000,Pets & Animals
Saturday Night Live,13600000,Entertainment
BUDI01 GAMING,13500000,Gaming
Typical Gamer,13500000,Gaming
Anaysa,13500000,Howto & Style
JULIA GISELLA,13500000,Entertainment
Awakening Music,13500000,Music
Lady Diana,13500000,Entertainment
Sanjoy Das Official,13500000,Entertainment
Woody & Kleiny,13500000,Comedy
Vijay Kumar Viner Vlogs,13500000,Entertainment
Conor Maynard,13500000,Music
Wengie,13500000,Howto & Style
Vlad y Niki Show,13400000,nan
Codiscos,13400000,Music
The World Adventures ï¿½ï¿½ï¿½ï¿½ï¿½ï¿½,13400000,People & Blogs
Vibhu 96,13400000,nan
Blockbuster Movies,13400000,Entertainment
ATHLEAN-Xï¿½,13400000,Howto & Style
My Mate Nate,13400000,Comedy
H2ODelirious,13400000,Gaming
GMA Integrated News,13400000,News & Politics
Peet Montzingo,13400000,People & Blogs
The Q,13400000,People & Blogs
Trakin Tech,13300000,Science & Technology
theRadBrad,13300000,Gaming
Matt Steffanina,13300000,Entertainment
Stray Kids,13300000,People & Blogs
Kurt Hugo Schneider,13300000,Entertainment
Vogue,13300000,Entertainment
ýýýýýýýýýýýýýýýýýý,13300000,People & Blogs
Kids Lineï¿½ï¿½ï¿½ï¿½ï¿½ï¿½ï¿½,13300000,People & Blogs
VexTrex,13300000,Entertainment
penguinz0,13300000,Gaming
Just For Laughs Gags,13300000,Comedy
Kabita's Kitchen,13300000,Howto & Style
BanderitaX,13300000,Gaming
AzzyLand,13300000,Gaming
HUBAï¿½ï¿½,13200000,Entertainment
BIBO ï¿½ï¿½ï¿½ï¿½ï¿½ï¿,13200000,Entertainment
Brawl Stars,13200000,Gaming
Ei Nerd,13200000,Entertainment
Sonotek Bhakti,13200000,Entertainment
Vilmei,13200000,nan
MC Divertida,13200000,Entertainment
The Infographics Show,13200000,Education
jbalvinVEVO,13200000,Music
ýýýýýýTwinsFromRussia,13200000,People & Blogs
Technology Gyan,13200000,Science & Technology
CookingShooking Hindi,13200000,People & Blogs
Ryan Trahan,13100000,Entertainment
Alex Gonzaga Official,13100000,People & Blogs
WiederDude,13100000,nan
Ian Boggs,13100000,Entertainment
Lokdhun Punjabi,13100000,Music
Knowledge Tv ï¿½ï¿½ï¿½ï¿½ï¿½ï¿½,13100000,People & Blogs
Painzeiro,13100000,People & Blogs
Peppa Pig em Portuguï¿½ï¿½ï¿½ï¿½ï¿½ï¿½ï¿½ï¿½ï¿,13100000,Film & Animation
ýýýýýýýýýýýýýýý Ms Yeah,13100000,People & Blogs
Hungria Hip Hop,13100000,Music
RaptorGamer,13100000,People & Blogs
RedeTV,13100000,Entertainment
twenty one pilots,13100000,Music
DJ Khaled,13100000,Music
Davie504,13000000,Entertainment
Everson Zoio,13000000,Comedy
Calon Sarjana,13000000,Entertainment
Lofi Girl,13000000,Music
Jomy Production,13000000,Entertainment
GH'S,13000000,Gaming
JesseAndMike,13000000,Entertainment
Wolfoo Channel,13000000,nan
Susy Mouriz,13000000,Entertainment
7 Minutoz,13000000,Music
The LaBrant Fam,13000000,Comedy
Pastor Antï¿½ï¿½ï¿½ï¿½ï,12900000,People & Blogs
Matheus Yurley,12900000,Entertainment
gymvirtual,12900000,Sports
BIBOï¿½ï¿½ï¿½ï¿½ï,12900000,Entertainment
Top Viral Talent,12900000,Entertainment
Akon,12900000,Music
AlArabiya ï¿½ï¿½ï¿½ï¿½ï¿,12900000,People & Blogs
Rauw Alejandro,12900000,Music
EnriqueIglesiasVEVO,12900000,Music
ýýýýýýýý ýýýý ýýýýýýýýýýýýýý,12900000,Shows
The Shiny Peanut,12900000,Education
Talking Angela,12800000,Entertainment
Melon City Show - ï¿½ï¿½ï¿½ï¿½ï¿½ï¿½ï¿½ï¿½ï¿½ï¿½ï¿,12800000,Comedy
Duo Tiempo De Sol,12800000,Music
Troom Troom India,12800000,Howto & Style
MrSuicideSheep,12800000,Entertainment
Adam W,12800000,Comedy
Right to Shiksha,12800000,Education
Beyoncï¿½ï¿½,12800000,Music
FACT FIRE KING,12700000,nan
Ian Lucas,12700000,Entertainment
Franco Escamilla,12700000,Comedy
Adexe & Nau,12700000,Music
Diana and Roma IND,12700000,nan
Jass Records,12700000,Music
Future,12700000,Music
YoungBoy Never Broke Again,12700000,Entertainment
Blossom,12700000,Howto & Style
#Refï¿½ï¿½ï¿½ï¿½,12700000,Entertainment
Piuzinho,12700000,Gaming
Heidi y Zidane,12700000,nan
Go Ami Go!,12700000,People & Blogs
Morgz,12600000,Gaming
CaseyNeistat,12600000,People & Blogs
ýýýýýýýýýSULGI,12600000,People & Blogs
NickiMinajAtVEVO,12600000,Music
Ellie Goulding,12600000,Music
colinfurze,12500000,Entertainment
People Vs Food,12500000,Entertainment
Wolfoo Family,12500000,nan
Ja Mill,12500000,People & Blogs
Health Time,12500000,Howto & Style
Yair17,12500000,Gaming
Little Baby Bum en Espaï¿½ï,12500000,Education
First We Feast,12500000,Howto & Style
Mï¿½ï¿½ï¿½ï¿½,12500000,Travel & Events
Bebefinn - Nursery Rhymes & Kids Songs,12500000,nan
Troom Troom PT,12500000,Howto & Style
Parafernalha,12500000,Entertainment
NDTV,12500000,Entertainment
elcarteldesantatv,12500000,Music
Family Fitness,12500000,Entertainment
Zee Tamil,12500000,Entertainment
Flowers Comedy,12500000,Entertainment
Mundo Bita,12500000,Music
Wave Music Bhakti,12500000,Music
Troom Troom Indonesia,12500000,People & Blogs
CKM,12500000,Comedy
Quantum Tech HD,12500000,Science & Technology
_vector_,12400000,Comedy
DEV Ke Facts,12400000,nan
Hero Movies 2023,12400000,People & Blogs
LOUD,12400000,Gaming
Gibby :),12400000,People & Blogs
Gustavo Parï¿½ï¿½,12400000,Comedy
SAAIHALILINTAR,12400000,Entertainment
Timba Vk,12400000,Gaming
Heidi and Zidane HZHtube,12400000,Entertainment
DaniRep | +6 Vï¿½ï¿½ï¿½ï¿½ï¿½ï¿½ï¿½ï¿½ï¿½ï¿½ï,12400000,Gaming
Zee Kids,12400000,Film & Animation
Pari's Lifestyle,12400000,People & Blogs
DisneyChannelUK,12400000,Music
MoniLina,12400000,Comedy
bharatzkitchen HINDI,12400000,Howto & Style
TKOR,12400000,Education
ANNA KOVA,12400000,People & Blogs
Avril Lavigne,12400000,Music
Caylus,12400000,Education
Migos ATL,12400000,Music
Natan por Aï¿,12300000,Sports
Free Fire India Official,12300000,People & Blogs
Panda,12300000,nan
RobTopGames,12300000,Gaming
Make Joke Of,12300000,Comedy
